"**Date Accessed**","**Title & URL**"
"2020-12-07 22:01:51 PST","Zentyal - User Template \
`https://byzantiumus.com:8443/Samba/Composite/UserTemplate`"
"2020-12-07 22:06:17 PST","Zentyal - Users and Computers \
`https://byzantiumus.com:8443/Samba/Tree/Manage`"
"2020-12-07 22:06:17 PST","Zentyal - Users and Computers \
`https://byzantiumus.com:8443/Samba/Tree/Manage`"
"2020-12-07 22:06:17 PST","Zentyal - Users and Computers \
`https://byzantiumus.com:8443/Samba/Tree/Manage`"
"2021-03-07 17:21:23 PST","Zentyal - Dashboard \
`https://byzantiumus.com:8443/`"
"2021-03-07 17:21:23 PST","Zentyal - Dashboard \
`https://byzantiumus.com:8443/`"
"2021-03-07 17:21:23 PST","Zentyal - Dashboard \
`https://byzantiumus.com:8443/`"
"2021-03-07 17:21:23 PST","Zentyal - Dashboard \
`https://byzantiumus.com:8443/`"
"2021-03-07 17:21:23 PST","Zentyal - Dashboard \
`https://byzantiumus.com:8443/`"
"2021-03-07 17:21:23 PST","Zentyal - Dashboard \
`https://byzantiumus.com:8443/`"
"2021-03-07 17:21:23 PST","Zentyal - Dashboard \
`https://byzantiumus.com:8443/Login/Index`"
"2021-03-07 17:21:23 PST","Zentyal - Dashboard \
`https://byzantiumus.com:8443/Login/Index`"
"2021-03-07 17:21:23 PST","Zentyal - Dashboard \
`https://byzantiumus.com:8443/Login/Index`"
"2021-03-07 17:21:23 PST","Zentyal - Dashboard \
`https://byzantiumus.com:8443/Login/Index`"
"2021-03-07 17:21:23 PST","Zentyal - Dashboard \
`https://byzantiumus.com:8443/Login/Index`"
"2021-03-07 17:21:23 PST","Zentyal - Dashboard \
`https://byzantiumus.com:8443/Login/Index`"
"2021-03-07 17:21:23 PST","Zentyal - Dashboard \
`https://byzantiumus.com:8443/Login/Index`"
"2021-03-07 17:21:35 PST","Zentyal - Halt or Reboot \
`https://byzantiumus.com:8443/SysInfo/View/Halt`"
"2021-03-07 17:21:35 PST","Zentyal - Halt or Reboot \
`https://byzantiumus.com:8443/SysInfo/View/Halt`"
